Workbook

Sheet Daily ODP & ODC
A1: TIMELINE HARIAN PEMASANGAN ODP RANDUAGUNG (SKYNET) Input Harian Hasil Pemasangan ODP
A4: Hari | B4: Tanggal | C4: Tim 1 (ODP) | D4: Tim 1 (ODC) | E4: Tim 2 (ODP) | F4: Tim 2 (ODC) | G4: Tim 3 (ODP) | H4: Tim 3 (ODC) | I4: Tim 4 (ODP) | J4: Tim 4 (ODC) | K4: Total Harian (ODP) Target : 365 BOX | L4: Total Harian (ODC) Target : 46 BOX | M4: Akumulasi (ODP) | N4: Akumulasi (ODC) | O4: Progress ODP (%) | P4: Progress ODC (%) | Q4: Keterangan
A5: 0 | B5: 46134 | K5: =SUM(C5:J5) -> 0 | L5: =SUM(D5:K5) -> 0 | M5: =K5 -> 0 | N5: =L5 -> 0 | O5: =K5/365 -> 0 | Q5: Penarikan Kabel Saja(lanjut tgl 23/04/26 pemasangan ODP Tim 1)
A6: 1 | B6: 46135 | C6: 8 | D6: 1 | E6: 8 | F6: 1 | G6: 8 | H6: 1 | I6: 5 | J6: 1 | K6: =SUM(C6,E6,G6,I6) -> 29 | L6: =SUM(D6,F6,H6,J6) -> 4 | M6: =M5+K6 -> 29 | N6: =N5+L6 -> 4 | O6: =K6/365 -> 0.079452055 | P6: =L6/365 -> 0.010958904 | Q6: Pemasangan Tim 1:RW 1 Randuagung,Tim 2:Randutelu,Tim3 :Kunci, Tim 4:Yonkav
A7: 2 | B7: 46136 | K7: =SUM(C7:J7) -> 0 | L7: =SUM(D7,F7,H7,J7) -> 0 | M7: =M6+K7 -> 29 | N7: =N6+L7 -> 4 | O7: =K7/365 -> 0
A8: 3 | B8: 46137 | K8: =SUM(C8:J8) -> 0 | L8: =SUM(D8,F8,H8,J8) -> 0 | M8: =M7+K8 -> 29 | N8: =N7+L8 -> 4 | O8: =K8/365 -> 0
A9: 4 | B9: 46138 | K9: =SUM(C9:J9) -> 0 | L9: =SUM(D9,F9,H9,J9) -> 0 | M9: =M8+K9 -> 29 | N9: =N8+L9 -> 4 | O9: =K9/365 -> 0
A10: 5 | B10: 46139 | K10: =SUM(C10:J10) -> 0 | L10: =SUM(D10,F10,H10,J10) -> 0 | M10: =M9+K10 -> 29 | N10: =N9+L10 -> 4 | O10: =K10/365 -> 0
A11: 6 | B11: 46140 | K11: =SUM(C11:J11) -> 0 | L11: =SUM(D11,F11,H11,J11) -> 0 | M11: =M10+K11 -> 29 | N11: =N10+L11 -> 4 | O11: =K11/365 -> 0
A12: 7 | B12: 46141 | K12: =SUM(C12:J12) -> 0 | L12: =SUM(D12,F12,H12,J12) -> 0 | M12: =M11+K12 -> 29 | N12: =N11+L12 -> 4 | O12: =K12/365 -> 0
A13: 8 | B13: 46142 | K13: =SUM(C13:J13) -> 0 | L13: =SUM(D13,F13,H13,J13) -> 0 | M13: =M12+K13 -> 29 | N13: =N12+L13 -> 4 | O13: =K13/365 -> 0
A14: 9 | B14: 46143 | K14: =SUM(C14:J14) -> 0 | L14: =SUM(D14,F14,H14,J14) -> 0 | M14: =M13+K14 -> 29 | N14: =N13+L14 -> 4 | O14: =K14/365 -> 0
A15: 10 | B15: 46144 | K15: =SUM(C15:J15) -> 0 | L15: =SUM(D15,F15,H15,J15) -> 0 | M15: =M14+K15 -> 29 | N15: =N14+L15 -> 4 | O15: =K15/365 -> 0
A16: 11 | B16: 46145 | K16: =SUM(C16:J16) -> 0 | L16: =SUM(D16,F16,H16,J16) -> 0 | M16: =M15+K16 -> 29 | N16: =N15+L16 -> 4 | O16: =K16/365 -> 0
A17: 12 | B17: 46146 | K17: =SUM(C17:J17) -> 0 | L17: =SUM(D17,F17,H17,J17) -> 0 | M17: =M16+K17 -> 29 | N17: =N16+L17 -> 4 | O17: =K17/365 -> 0
A19: TIM 1 : Ridwan(PIC)
A20: TIM 2 : Dappa(PIC)
A21: TIM 3 : TYO (PIC)
A22: TIM 4 : Baim(PIC)

Sheet Rekap ODP & ODC
A1: REKAP TOTAL (Pembangunan ODP & ODC RA Skynet)
E3: =TODAY() -> 46136
A4: TIM | B4: TOTAL ODP | C4: % ODP(dari 365 Box) | D4: TOTAL ODC | E4: % ODC(dari 46 Box)
A5: 1 | B5: =SUM('Daily ODP & ODC'!C5:C17) -> 8 | C5: =Table22[[#This Row],[TOTAL ODP]]/365 -> 0.021917808 | D5: =SUM('Daily ODP & ODC'!$D$5:$D$17) -> 1 | E5: =Table22[[#This Row],[TOTAL ODC]]/46 -> 0.02173913
A6: 2 | B6: =SUM('Daily ODP & ODC'!E5:E17) -> 8 | C6: =Table22[[#This Row],[TOTAL ODP]]/365 -> 0.021917808 | D6: =SUM('Daily ODP & ODC'!$F$5:$F$17) -> 1 | E6: =Table22[[#This Row],[TOTAL ODC]]/46 -> 0.02173913
A7: 3 | B7: =SUM('Daily ODP & ODC'!G5:G17) -> 8 | C7: =Table22[[#This Row],[TOTAL ODP]]/365 -> 0.021917808 | D7: =SUM('Daily ODP & ODC'!$H$5:$H$17) -> 1 | E7: =Table22[[#This Row],[TOTAL ODC]]/46 -> 0.02173913
A8: 4 | B8: =SUM('Daily ODP & ODC'!I5:I17) -> 5 | C8: =Table22[[#This Row],[TOTAL ODP]]/365 -> 0.01369863 | D8: =SUM('Daily ODP & ODC'!$J$5:$J$17) -> 1 | E8: =Table22[[#This Row],[TOTAL ODC]]/46 -> 0.02173913
A9: TOTAL | B9: =SUM(B5:B8) -> 29 | C9: =Table22[[#This Row],[TOTAL ODP]]/365 -> 0.079452055 | D9: =SUM(D5:D8) -> 4 | E9: =Table22[[#This Row],[TOTAL ODC]]/46 -> 0.086956522
A11: TARGET (ODP+ODC) | B11: TOTAL ODP+ODC (Terpasang) | C11: PROGRESS TOTAL ODP+ODC (Terpasang) | D11: SISA HARI
A12: 411 | B12: =SUM(B9,D9) -> 33 | C12: =B12/$A$12 -> 0.080291971 | D12: ='Daily ODP & ODC'!B17-TODAY() -> 10
